product_id,title,collection_id,collection_title,last_update
648,"7up Diet, 355 Ml",8,Spices,2025-09-15T12:10:04.767929+00:00
288,Allspice - Jamaican,8,Spices,2021-04-05T00:00:00+00:00
520,Appetizer - Asian Shrimp Roll,6,Pets,2021-03-15T00:00:00+00:00
864,Appetizer - Crab And Brie,6,Pets,2021-04-30T00:00:00+00:00
615,Appetizer - Sausage Rolls,6,Pets,2021-04-02T00:00:00+00:00
257,Appetizer - Sausage Rolls,6,Pets,2021-01-14T00:00:00+00:00
438,Appetizer - Shrimp Puff,6,Pets,2020-12-04T00:00:00+00:00
394,Appetizer - Smoked Salmon / Dill,6,Pets,2020-11-08T00:00:00+00:00
436,Appetizer - Southwestern,6,Pets,2021-04-27T00:00:00+00:00
51,Apple - Fuji,5,Stationary,2021-05-05T00:00:00+00:00
69,Apron,5,Stationary,2021-02-10T00:00:00+00:00
842,Aromat Spice / Seasoning,8,Spices,2021-01-16T00:00:00+00:00
36,Basil - Fresh,5,Stationary,2021-06-07T00:00:00+00:00
57,Beef - Tender Tips,5,Stationary,2021-01-01T00:00:00+00:00
368,"Beef - Tenderlion, Center Cut",5,Stationary,2020-09-08T00:00:00+00:00
446,Black Currants,5,Stationary,2020-07-28T00:00:00+00:00
355,Bowl 12 Oz - Showcase 92012,5,Stationary,2020-07-20T00:00:00+00:00
552,Bread - Bistro Sour,2,Grocery,2021-01-13T00:00:00+00:00
223,Bread - Bistro White,5,Stationary,2021-04-14T00:00:00+00:00
307,Bread - Calabrese Baguette,2,Grocery,2020-11-04T00:00:00+00:00
640,Bread - Calabrese Baguette,2,Grocery,2020-10-03T00:00:00+00:00
195,Bread - Calabrese Baguette,2,Grocery,2020-07-18T00:00:00+00:00
621,Bread - Dark Rye,2,Grocery,2021-05-31T00:00:00+00:00
794,Bread - English Muffin,2,Grocery,2020-09-26T00:00:00+00:00
744,Bread - Focaccia Quarter,2,Grocery,2020-10-21T00:00:00+00:00
322,Bread - French Baquette,2,Grocery,2020-08-24T00:00:00+00:00
644,Bread - French Stick,2,Grocery,2021-04-02T00:00:00+00:00
919,Bread - French Stick,5,Stationary,2020-09-18T00:00:00+00:00
780,Bread - Frozen Basket Variety,2,Grocery,2020-12-25T00:00:00+00:00
40,Bread - Hamburger Buns,2,Grocery,2021-04-07T00:00:00+00:00
748,Bread - Hamburger Buns,2,Grocery,2020-09-13T00:00:00+00:00
674,Bread - Kimel Stick Poly,2,Grocery,2021-02-09T00:00:00+00:00
909,Bread - Mini Hamburger Bun,5,Stationary,2021-05-10T00:00:00+00:00
313,Bread - Olive Dinner Roll,2,Grocery,2021-02-12T00:00:00+00:00
80,Bread - Raisin,2,Grocery,2020-07-09T00:00:00+00:00
749,"Bread - Roll, Calabrese",2,Grocery,2021-04-09T00:00:00+00:00
943,"Bread - Roll, Whole Wheat",2,Grocery,2020-09-05T00:00:00+00:00
586,"Bread - Rolls, Rye",2,Grocery,2021-02-01T00:00:00+00:00
531,Bread - Sour Batard,2,Grocery,2021-05-04T00:00:00+00:00
316,Bread - White Epi Baguette,2,Grocery,2021-05-03T00:00:00+00:00
471,"Bread - White, Unsliced",2,Grocery,2021-01-17T00:00:00+00:00
364,Bread Base - Italian,2,Grocery,2021-06-03T00:00:00+00:00
566,Bread Bowl Plain,2,Grocery,2021-04-04T00:00:00+00:00
697,Bread Country Roll,2,Grocery,2020-07-07T00:00:00+00:00
366,Bread Cranberry Foccacia,2,Grocery,2020-10-24T00:00:00+00:00
784,Bread Ww Cluster,2,Grocery,2020-11-28T00:00:00+00:00
256,Burger Veggie,13,Vegitables,2020-10-09T00:00:00+00:00
788,Cake - Cake Sheet Macaroon,7,Baking,2021-05-25T00:00:00+00:00
234,Cake - Dulce De Leche,7,Baking,2021-02-01T00:00:00+00:00
523,Cake - Miini Cheesecake Cherry,7,Baking,2020-11-19T00:00:00+00:00
992,Cake - Miini Cheesecake Cherry,7,Baking,2020-10-27T00:00:00+00:00
45,Cake - Night And Day Choclate,7,Baking,2020-09-26T00:00:00+00:00
671,Cakes Assorted,7,Baking,2020-08-03T00:00:00+00:00
668,Carbonated Water - Strawberry,5,Stationary,2021-05-27T00:00:00+00:00
153,Cheese - Brie Roitelet,5,Stationary,2021-06-07T00:00:00+00:00
41,Cheese - Cambozola,5,Stationary,2020-12-22T00:00:00+00:00
567,Cheese - Cambozola,5,Stationary,2020-07-02T00:00:00+00:00
343,Cheese - Gouda,5,Stationary,2021-03-11T00:00:00+00:00
206,Cheese - Sheep Milk,2,Grocery,2020-11-21T00:00:00+00:00
999,Chicken - Wieners,5,Stationary,2020-08-16T00:00:00+00:00
90,Chinese Foods - Chicken Wing,5,Stationary,2020-12-28T00:00:00+00:00
24,Chinese Foods - Pepper Beef,8,Spices,2020-10-31T00:00:00+00:00
77,Chips - Assorted,5,Stationary,2020-07-06T00:00:00+00:00
171,Chips - Potato Jalapeno,5,Stationary,2021-03-07T00:00:00+00:00
108,Chips Potato All Dressed - 43g,2,Grocery,2020-10-23T00:00:00+00:00
559,Chocolate - Chips Compound,2,Grocery,2020-11-17T00:00:00+00:00
291,Chocolate - Chips Compound,2,Grocery,2020-08-11T00:00:00+00:00
713,"Chocolate - Milk, Callets",5,Stationary,2020-07-17T00:00:00+00:00
886,Cinnamon Buns Sticky,5,Stationary,2020-09-06T00:00:00+00:00
759,Cinnamon Rolls,2,Grocery,2021-02-19T00:00:00+00:00
680,Cleaner - Bleach,4,Cleaning,2021-04-28T00:00:00+00:00
211,Cleaner - Lime Away,4,Cleaning,2020-09-06T00:00:00+00:00
817,Cleaner - Lime Away,4,Cleaning,2021-02-14T00:00:00+00:00
65,Coconut Milk - Unsweetened,2,Grocery,2021-03-10T00:00:00+00:00
536,Coconut Milk - Unsweetened,2,Grocery,2020-11-09T00:00:00+00:00
876,"Coffee - Beans, Whole",5,Stationary,2021-05-06T00:00:00+00:00
535,Coffee Cup 16oz Foam,5,Stationary,2021-02-04T00:00:00+00:00
173,"Coke - Diet, 355 Ml",5,Stationary,2020-07-20T00:00:00+00:00
501,Compound - Pear,5,Stationary,2021-06-07T00:00:00+00:00
199,Cookie - Dough Variety,7,Baking,2021-04-17T00:00:00+00:00
221,Cookie - Oatmeal,7,Baking,2021-03-08T00:00:00+00:00
502,Cookie Chocolate Chip With,7,Baking,2020-07-25T00:00:00+00:00
766,Cookie Double Choco,7,Baking,2021-05-26T00:00:00+00:00
541,Cookie Dough - Chocolate Chip,7,Baking,2020-09-09T00:00:00+00:00
147,Cookie Dough - Peanut Butter,7,Baking,2020-07-14T00:00:00+00:00
827,Cookies - Assorted,7,Baking,2020-06-30T00:00:00+00:00
845,Crawfish,6,Pets,2020-09-06T00:00:00+00:00
420,Cream Of Tartar,5,Stationary,2021-02-15T00:00:00+00:00
990,Creamers - 10%,5,Stationary,2021-01-05T00:00:00+00:00
287,"Cup - 6oz, Foam",5,Stationary,2021-01-11T00:00:00+00:00
480,Dip - Tapenade,5,Stationary,2020-08-11T00:00:00+00:00
721,Dip - Tapenade,5,Stationary,2021-02-22T00:00:00+00:00
280,"Doilies - 10, Paper",5,Stationary,2021-05-08T00:00:00+00:00
595,"Doilies - 5, Paper",5,Stationary,2020-07-15T00:00:00+00:00
184,"Doilies - 7, Paper",5,Stationary,2021-05-09T00:00:00+00:00
309,"Doilies - 8, Paper",5,Stationary,2021-04-30T00:00:00+00:00
132,"Doilies - 8, Paper",5,Stationary,2020-09-09T00:00:00+00:00
638,Ecolab - Hand Soap Form Antibac,4,Cleaning,2021-05-31T00:00:00+00:00
122,Ecolab - Hand Soap Form Antibac,4,Cleaning,2020-09-17T00:00:00+00:00
872,Edible Flower - Mixed,1,Flowers,2020-12-08T00:00:00+00:00
676,Extract - Lemon,5,Stationary,2021-05-04T00:00:00+00:00
701,"Fish - Halibut, Cold Smoked",6,Pets,2020-11-18T00:00:00+00:00
229,Flavouring - Orange,5,Stationary,2021-04-06T00:00:00+00:00
508,Flavouring - Raspberry,5,Stationary,2021-02-28T00:00:00+00:00
391,Flavouring Vanilla Artificial,5,Stationary,2021-01-21T00:00:00+00:00
574,Flour - All Purpose,7,Baking,2021-03-28T00:00:00+00:00
893,"Flour - Buckwheat, Dark",7,Baking,2021-02-23T00:00:00+00:00
179,Flour - Chickpea,7,Baking,2021-05-25T00:00:00+00:00
365,"Flour - Corn, Fine",7,Baking,2021-04-02T00:00:00+00:00
119,Flour - Fast / Rapid,7,Baking,2020-11-03T00:00:00+00:00
808,Flour - Rye,7,Baking,2021-02-03T00:00:00+00:00
775,Flour - Semolina,7,Baking,2020-12-07T00:00:00+00:00
921,Flour - Semolina,7,Baking,2020-12-17T00:00:00+00:00
637,Flour - Strong Pizza,7,Baking,2021-04-15T00:00:00+00:00
563,Flour - Strong Pizza,7,Baking,2020-08-01T00:00:00+00:00
584,Flour Dark Rye,7,Baking,2020-08-17T00:00:00+00:00
818,Flour Dark Rye,7,Baking,2020-08-20T00:00:00+00:00
500,Flour Dark Rye,7,Baking,2020-10-22T00:00:00+00:00
900,Flower - Leather Leaf Fern,1,Flowers,2020-11-21T00:00:00+00:00
445,Flower - Leather Leaf Fern,1,Flowers,2021-01-24T00:00:00+00:00
561,Flower - Potmums,1,Flowers,2020-09-22T00:00:00+00:00
847,Food Colouring - Green,5,Stationary,2020-12-22T00:00:00+00:00
767,Frangelico,5,Stationary,2021-05-18T00:00:00+00:00
268,Gherkin,5,Stationary,2021-04-16T00:00:00+00:00
951,Ginger - Pickled,5,Stationary,2020-06-28T00:00:00+00:00
1010,Goat,6,Pets,2025-09-15T20:27:49.141252+00:00
592,Ham - Procutinni,5,Stationary,2020-08-29T00:00:00+00:00
215,Hand Towel,5,Stationary,2020-09-25T00:00:00+00:00
579,Hersey Shakes,5,Stationary,2020-09-16T00:00:00+00:00
736,"Iced Tea - Lemon, 460 Ml",5,Stationary,2020-11-11T00:00:00+00:00
2,Island Oasis - Raspberry,2,Grocery,2020-07-07T00:00:00+00:00
439,Isomalt,5,Stationary,2020-09-06T00:00:00+00:00
724,Lambcasing,5,Stationary,2020-10-27T00:00:00+00:00
1007,lettuce,11,Vegitables,2025-09-15T16:06:37.203175+00:00
1,lettuce,1,Flowers,2025-09-15T20:46:52.066366+00:00
496,Lettuce - Belgian Endive,5,Stationary,2020-09-30T00:00:00+00:00
367,Lettuce - Boston Bib - Organic,5,Stationary,2021-03-17T00:00:00+00:00
5,"Lettuce - Mini Greens, Whole",5,Stationary,2020-08-18T00:00:00+00:00
730,Lettuce - Red Leaf,5,Stationary,2021-02-25T00:00:00+00:00
1008,lettuce lose leafy,11,Vegitables,2025-09-15T18:55:58.970996+00:00
796,Longos - Penne With Pesto,5,Stationary,2020-10-24T00:00:00+00:00
906,Lumpfish Black,6,Pets,2020-07-17T00:00:00+00:00
395,Macaroons - Two Bite Choc,5,Stationary,2020-08-08T00:00:00+00:00
703,"Marsala - Sperone, Fine, D.o.c.",5,Stationary,2020-11-26T00:00:00+00:00
123,Melon - Honey Dew,5,Stationary,2021-04-24T00:00:00+00:00
739,Milk - Buttermilk,2,Grocery,2020-07-09T00:00:00+00:00
71,Milk - Chocolate 250 Ml,2,Grocery,2020-08-19T00:00:00+00:00
875,Milk - Condensed,2,Grocery,2020-06-30T00:00:00+00:00
348,Milkettes - 2%,2,Grocery,2020-09-23T00:00:00+00:00
892,Milkettes - 2%,2,Grocery,2021-01-25T00:00:00+00:00
686,Milkettes - 2%,2,Grocery,2021-06-06T00:00:00+00:00
968,Monkfish - Fresh,6,Pets,2020-10-16T00:00:00+00:00
494,"Mushroom - Chantrelle, Fresh",5,Stationary,2020-09-12T00:00:00+00:00
902,Nacho Chips,2,Grocery,2020-12-20T00:00:00+00:00
543,Nacho Chips,2,Grocery,2021-04-09T00:00:00+00:00
302,Oats Large Flake,5,Stationary,2020-08-02T00:00:00+00:00
620,Oil - Safflower,1,Flowers,2021-06-08T00:00:00+00:00
207,Oil - Shortening - All - Purpose,5,Stationary,2021-06-09T00:00:00+00:00
111,Paper Cocktail Umberlla 80 - 180,5,Stationary,2021-04-14T00:00:00+00:00
421,Pasta - Cheese / Spinach Bauletti,5,Stationary,2020-10-23T00:00:00+00:00
881,"Pasta - Penne, Rigate, Dry",5,Stationary,2020-07-24T00:00:00+00:00
443,Pepper - Chilli Seeds Mild,8,Spices,2020-10-03T00:00:00+00:00
208,"Pepper - Chillies, Crushed",8,Spices,2020-11-08T00:00:00+00:00
762,Pepper - Green,8,Spices,2021-04-24T00:00:00+00:00
475,"Pepper - Green, Chili",8,Spices,2021-01-13T00:00:00+00:00
428,"Pepper - Julienne, Frozen",8,Spices,2021-05-14T00:00:00+00:00
245,Pepper - Pablano,8,Spices,2021-04-19T00:00:00+00:00
669,Pepper - Red Bell,8,Spices,2020-07-12T00:00:00+00:00
328,Pepper - Red Chili,8,Spices,2020-09-12T00:00:00+00:00
228,Pepper Squash,8,Spices,2021-02-14T00:00:00+00:00
850,Peppercorns - Green,8,Spices,2020-07-11T00:00:00+00:00
499,Pickle - Dill,5,Stationary,2020-09-20T00:00:00+00:00
191,Pickles - Gherkins,5,Stationary,2020-12-12T00:00:00+00:00
216,"Pork - Sausage, Medium",5,Stationary,2020-10-31T00:00:00+00:00
340,Pork - Suckling Pig,5,Stationary,2021-02-17T00:00:00+00:00
687,Quail Eggs - Canned,2,Grocery,2020-12-07T00:00:00+00:00
429,Radish - Pickled,5,Stationary,2020-12-09T00:00:00+00:00
449,"Roe - Lump Fish, Red",6,Pets,2021-04-04T00:00:00+00:00
967,Rolled Oats,2,Grocery,2020-09-07T00:00:00+00:00
48,Sage - Ground,5,Stationary,2021-06-06T00:00:00+00:00
376,"Salmon - Atlantic, No Skin",5,Stationary,2020-10-31T00:00:00+00:00
386,"Salmon - Smoked, Sliced",5,Stationary,2021-03-27T00:00:00+00:00
858,Salmon Steak - Cohoe 8 Oz,5,Stationary,2021-05-23T00:00:00+00:00
413,Sauce - Hp,5,Stationary,2021-01-23T00:00:00+00:00
140,Sauce - Roasted Red Pepper,8,Spices,2021-01-13T00:00:00+00:00
813,Sauce - Salsa,5,Stationary,2021-05-26T00:00:00+00:00
324,Sausage - Chorizo,5,Stationary,2021-03-31T00:00:00+00:00
433,Sherry - Dry,5,Stationary,2020-12-18T00:00:00+00:00
3,"Shrimp - 21/25, Peel And Deviened",3,Beauty,2021-04-05T00:00:00+00:00
583,Skirt - 24 Foot,5,Stationary,2021-03-20T00:00:00+00:00
717,Soap - Mr.clean Floor Soap,4,Cleaning,2020-07-29T00:00:00+00:00
66,Soap - Mr.clean Floor Soap,4,Cleaning,2020-06-13T00:00:00+00:00
688,Soap - Pine Sol Floor Cleaner,4,Cleaning,2021-04-12T00:00:00+00:00
218,Sobe - Tropical Energy,5,Stationary,2021-04-07T00:00:00+00:00
835,"Sole - Dover, Whole, Fresh",5,Stationary,2020-07-22T00:00:00+00:00
448,"Soup - Campbells, Lentil",5,Stationary,2021-01-27T00:00:00+00:00
685,Spic And Span All Purpose,5,Stationary,2021-01-19T00:00:00+00:00
738,Spice - Chili Powder Mexican,8,Spices,2021-01-15T00:00:00+00:00
831,Spice - Chili Powder Mexican,8,Spices,2020-07-25T00:00:00+00:00
91,Spice - Montreal Steak Spice,8,Spices,2021-05-15T00:00:00+00:00
272,Spice - Montreal Steak Spice,8,Spices,2020-11-29T00:00:00+00:00
947,Spice - Pepper Portions,8,Spices,2020-08-29T00:00:00+00:00
138,Spice - Peppercorn Melange,8,Spices,2020-12-29T00:00:00+00:00
792,Spice - Peppercorn Melange,8,Spices,2021-04-23T00:00:00+00:00
230,Spice - Peppercorn Melange,8,Spices,2021-05-13T00:00:00+00:00
289,Spice - Peppercorn Melange,8,Spices,2021-02-24T00:00:00+00:00
560,Sponge Cake Mix - Chocolate,7,Baking,2020-07-28T00:00:00+00:00
941,Sponge Cake Mix - Chocolate,7,Baking,2021-03-04T00:00:00+00:00
537,Squid Ink,5,Stationary,2020-06-20T00:00:00+00:00
27,Sugar - Brown,7,Baking,2020-10-24T00:00:00+00:00
109,Sugar - Crumb,7,Baking,2021-01-08T00:00:00+00:00
978,Sugar - Crumb,7,Baking,2021-02-17T00:00:00+00:00
279,Sugar - Invert,7,Baking,2020-06-28T00:00:00+00:00
544,Sugar - Invert,7,Baking,2020-12-25T00:00:00+00:00
809,Sugar Thermometer,7,Baking,2020-09-11T00:00:00+00:00
96,Sunflower Seed Raw,1,Flowers,2020-10-19T00:00:00+00:00
734,Tea - Black Currant,5,Stationary,2021-03-25T00:00:00+00:00
901,Tea - Grapefruit Green Tea,5,Stationary,2021-03-10T00:00:00+00:00
265,Tea - Herbal Orange Spice,8,Spices,2021-03-03T00:00:00+00:00
549,Tea - Herbal Orange Spice,8,Spices,2021-04-13T00:00:00+00:00
692,Tea - Honey Green Tea,5,Stationary,2021-03-28T00:00:00+00:00
911,The Pop Shoppe - Root Beer,5,Stationary,2020-11-28T00:00:00+00:00
253,Tomatoes Tear Drop Yellow,5,Stationary,2021-02-08T00:00:00+00:00
1009,tommato,11,Vegitables,2025-09-15T20:03:42.757360+00:00
319,Towel - Roll White,2,Grocery,2021-01-30T00:00:00+00:00
795,Trueblue - Blueberry,5,Stationary,2021-04-24T00:00:00+00:00
405,V8 - Vegetable Cocktail,13,Vegitables,2021-04-16T00:00:00+00:00
131,Venison - Ground,5,Stationary,2021-05-13T00:00:00+00:00
185,Venison - Striploin,5,Stationary,2021-02-20T00:00:00+00:00
152,Vinegar - Balsamic,5,Stationary,2020-07-17T00:00:00+00:00
779,Waffle Stix,5,Stationary,2020-12-13T00:00:00+00:00
94,"Water - Mineral, Natural",5,Stationary,2020-07-16T00:00:00+00:00
619,Wine - Charddonnay Errazuriz,5,Stationary,2020-09-02T00:00:00+00:00
293,Wine - Chianti Classico Riserva,5,Stationary,2021-01-20T00:00:00+00:00
653,Wine - Ej Gallo Sierra Valley,5,Stationary,2021-02-16T00:00:00+00:00
341,Wine - Hardys Bankside Shiraz,5,Stationary,2020-10-04T00:00:00+00:00
789,"Wine - Magnotta, Merlot Sr Vqa",5,Stationary,2021-04-21T00:00:00+00:00
912,Wine - Niagara Peninsula Vqa,5,Stationary,2021-03-31T00:00:00+00:00
70,Wine - Penfolds Koonuga Hill,5,Stationary,2020-12-10T00:00:00+00:00
437,Wine - Penfolds Koonuga Hill,5,Stationary,2021-01-22T00:00:00+00:00
176,Wine - Penfolds Koonuga Hill,5,Stationary,2020-08-03T00:00:00+00:00
833,"Wine - Red, Gallo, Merlot",5,Stationary,2021-05-31T00:00:00+00:00
93,Wine - Wyndham Estate Bin 777,5,Stationary,2020-12-29T00:00:00+00:00
4,Wood Chips - Regular,4,Cleaning,2020-07-20T00:00:00+00:00
371,Worcestershire Sauce,5,Stationary,2020-12-06T00:00:00+00:00
493,Yeast Dry - Fermipan,7,Baking,2021-05-11T00:00:00+00:00
358,Yeast Dry - Fleischman,7,Baking,2020-08-19T00:00:00+00:00
170,Yeast Dry - Fleischman,7,Baking,2020-06-17T00:00:00+00:00
505,Yogurt - Assorted Pack,5,Stationary,2020-07-25T00:00:00+00:00
